<?xml version="1.0" encoding="UTF-8"?>
<GenRun Id="synth_1" LaunchPart="xc7v2000tfhg1761-2L" LaunchTime="1596369195">
  <File Type="RDS-PROPCONSTRS" Name="top_drc_synth.rpt"/>
  <File Type="PA-TCL" Name="top.tcl"/>
  <File Type="RDS-RDS" Name="top.vds"/>
  <File Type="RDS-UTIL" Name="top_utilization_synth.rpt"/>
  <File Type="RDS-UTIL-PB" Name="top_utilization_synth.pb"/>
  <File Type="RDS-DCP" Name="top.dcp"/>
  <File Type="VDS-TIMINGSUMMARY" Name="top_timing_summary_synth.rpt"/>
  <File Type="VDS-TIMING-PB" Name="top_timing_summary_synth.pb"/>
  <FileSet Name="sources" Type="DesignSrcs" RelSrcDir="$PSRCDIR/sources_1">
    <Filter Type="Srcs"/>
    <File Path="$PSRCDIR/sources_1/imports/CODE/fractcam_w40/fractcam1x6.v">
      <FileInfo>
        <Attr Name="ImportPath" Val="$PPRDIR/CODE/fractcam_w40/fractcam1x6.v"/>
        <Attr Name="ImportTime" Val="1577208016"/>
        <Attr Name="UsedIn" Val="synthesis"/>
        <Attr Name="UsedIn" Val="implementation"/>
        <Attr Name="UsedIn" Val="simulation"/>
      </FileInfo>
    </File>
    <File Path="$PSRCDIR/sources_1/imports/CODE/fractcam_w40/DBLOCK32X5.v">
      <FileInfo>
        <Attr Name="ImportPath" Val="$PPRDIR/CODE/fractcam_w40/DBLOCK32X5.v"/>
        <Attr Name="ImportTime" Val="1594905132"/>
        <Attr Name="UsedIn" Val="synthesis"/>
        <Attr Name="UsedIn" Val="implementation"/>
        <Attr Name="UsedIn" Val="simulation"/>
      </FileInfo>
    </File>
    <File Path="$PSRCDIR/sources_1/imports/CODE/updatelogic/srl_rf.v">
      <FileInfo>
        <Attr Name="ImportPath" Val="$PPRDIR/CODE/updatelogic/srl_rf.v"/>
        <Attr Name="ImportTime" Val="1596233726"/>
        <Attr Name="UsedIn" Val="synthesis"/>
        <Attr Name="UsedIn" Val="implementation"/>
        <Attr Name="UsedIn" Val="simulation"/>
      </FileInfo>
    </File>
    <File Path="$PSRCDIR/sources_1/imports/CODE/fractcam_w40/andD3slice.v">
      <FileInfo>
        <Attr Name="ImportPath" Val="$PPRDIR/CODE/fractcam_w40/andD3slice.v"/>
        <Attr Name="ImportTime" Val="1577276759"/>
        <Attr Name="UsedIn" Val="synthesis"/>
        <Attr Name="UsedIn" Val="implementation"/>
        <Attr Name="UsedIn" Val="simulation"/>
      </FileInfo>
    </File>
    <File Path="$PSRCDIR/sources_1/imports/CODE/fractcam_w40/and6.v">
      <FileInfo>
        <Attr Name="ImportPath" Val="$PPRDIR/CODE/fractcam_w40/and6.v"/>
        <Attr Name="ImportTime" Val="1577276105"/>
        <Attr Name="UsedIn" Val="synthesis"/>
        <Attr Name="UsedIn" Val="implementation"/>
        <Attr Name="UsedIn" Val="simulation"/>
      </FileInfo>
    </File>
    <File Path="$PSRCDIR/sources_1/imports/CODE/updatelogic/mux5bit.v">
      <FileInfo>
        <Attr Name="ImportPath" Val="$PPRDIR/CODE/updatelogic/mux5bit.v"/>
        <Attr Name="ImportTime" Val="1594022369"/>
        <Attr Name="UsedIn" Val="synthesis"/>
        <Attr Name="UsedIn" Val="implementation"/>
        <Attr Name="UsedIn" Val="simulation"/>
      </FileInfo>
    </File>
    <File Path="$PSRCDIR/sources_1/imports/CODE/updatelogic/comparator.v">
      <FileInfo>
        <Attr Name="ImportPath" Val="$PPRDIR/CODE/updatelogic/comparator.v"/>
        <Attr Name="ImportTime" Val="1593973432"/>
        <Attr Name="UsedIn" Val="synthesis"/>
        <Attr Name="UsedIn" Val="implementation"/>
        <Attr Name="UsedIn" Val="simulation"/>
      </FileInfo>
    </File>
    <File Path="$PSRCDIR/sources_1/imports/CODE/updatelogic/counter.v">
      <FileInfo>
        <Attr Name="ImportPath" Val="$PPRDIR/CODE/updatelogic/counter.v"/>
        <Attr Name="ImportTime" Val="1596368251"/>
        <Attr Name="UsedIn" Val="synthesis"/>
        <Attr Name="UsedIn" Val="implementation"/>
        <Attr Name="UsedIn" Val="simulation"/>
      </FileInfo>
    </File>
    <File Path="$PSRCDIR/sources_1/imports/CODE/updatelogic/Demux.v">
      <FileInfo>
        <Attr Name="ImportPath" Val="$PPRDIR/CODE/updatelogic/Demux.v"/>
        <Attr Name="ImportTime" Val="1593973432"/>
        <Attr Name="UsedIn" Val="synthesis"/>
        <Attr Name="UsedIn" Val="implementation"/>
        <Attr Name="UsedIn" Val="simulation"/>
      </FileInfo>
    </File>
    <File Path="$PSRCDIR/sources_1/imports/CODE/updatelogic/counter_srl.v">
      <FileInfo>
        <Attr Name="ImportPath" Val="$PPRDIR/CODE/updatelogic/counter_srl.v"/>
        <Attr Name="ImportTime" Val="1596228304"/>
        <Attr Name="UsedIn" Val="synthesis"/>
        <Attr Name="UsedIn" Val="implementation"/>
        <Attr Name="UsedIn" Val="simulation"/>
      </FileInfo>
    </File>
    <File Path="$PSRCDIR/sources_1/imports/CODE/fractcam_w40/DBLOCK64x5.v">
      <FileInfo>
        <Attr Name="ImportPath" Val="$PPRDIR/CODE/fractcam_w40/DBLOCK64x5.v"/>
        <Attr Name="ImportTime" Val="1595345042"/>
        <Attr Name="UsedIn" Val="synthesis"/>
        <Attr Name="UsedIn" Val="implementation"/>
        <Attr Name="UsedIn" Val="simulation"/>
      </FileInfo>
    </File>
    <File Path="$PSRCDIR/sources_1/imports/CODE/fractcam_w40/andD3.v">
      <FileInfo>
        <Attr Name="ImportPath" Val="$PPRDIR/CODE/fractcam_w40/andD3.v"/>
        <Attr Name="ImportTime" Val="1577276883"/>
        <Attr Name="UsedIn" Val="synthesis"/>
        <Attr Name="UsedIn" Val="implementation"/>
        <Attr Name="UsedIn" Val="simulation"/>
      </FileInfo>
    </File>
    <File Path="$PSRCDIR/sources_1/imports/CODE/fractcam_w40/andD6.v">
      <FileInfo>
        <Attr Name="ImportPath" Val="$PPRDIR/CODE/fractcam_w40/andD6.v"/>
        <Attr Name="ImportTime" Val="1577276330"/>
        <Attr Name="UsedIn" Val="synthesis"/>
        <Attr Name="UsedIn" Val="implementation"/>
        <Attr Name="UsedIn" Val="simulation"/>
      </FileInfo>
    </File>
    <File Path="$PSRCDIR/sources_1/imports/CODE/updatelogic/cont_signal.v">
      <FileInfo>
        <Attr Name="ImportPath" Val="$PPRDIR/CODE/updatelogic/cont_signal.v"/>
        <Attr Name="ImportTime" Val="1596227755"/>
        <Attr Name="UsedIn" Val="synthesis"/>
        <Attr Name="UsedIn" Val="implementation"/>
        <Attr Name="UsedIn" Val="simulation"/>
      </FileInfo>
    </File>
    <File Path="$PSRCDIR/sources_1/imports/CODE/updatelogic/compare.v">
      <FileInfo>
        <Attr Name="ImportPath" Val="$PPRDIR/CODE/updatelogic/compare.v"/>
        <Attr Name="ImportTime" Val="1596233757"/>
        <Attr Name="UsedIn" Val="synthesis"/>
        <Attr Name="UsedIn" Val="implementation"/>
        <Attr Name="UsedIn" Val="simulation"/>
      </FileInfo>
    </File>
    <File Path="$PSRCDIR/sources_1/imports/CODE/updatelogic/update_logic.v">
      <FileInfo>
        <Attr Name="ImportPath" Val="$PPRDIR/CODE/updatelogic/update_logic.v"/>
        <Attr Name="ImportTime" Val="1596227272"/>
        <Attr Name="UsedIn" Val="synthesis"/>
        <Attr Name="UsedIn" Val="implementation"/>
        <Attr Name="UsedIn" Val="simulation"/>
      </FileInfo>
    </File>
    <File Path="$PSRCDIR/sources_1/imports/CODE/fractcam_w40/match_reduction.v">
      <FileInfo>
        <Attr Name="ImportPath" Val="$PPRDIR/CODE/fractcam_w40/match_reduction.v"/>
        <Attr Name="ImportTime" Val="1558850726"/>
        <Attr Name="UsedIn" Val="synthesis"/>
        <Attr Name="UsedIn" Val="implementation"/>
        <Attr Name="UsedIn" Val="simulation"/>
      </FileInfo>
    </File>
    <File Path="$PSRCDIR/sources_1/imports/CODE/fractcam_w40/dummy_key_rules.v">
      <FileInfo>
        <Attr Name="ImportPath" Val="$PPRDIR/CODE/fractcam_w40/dummy_key_rules.v"/>
        <Attr Name="ImportTime" Val="1595071029"/>
        <Attr Name="UsedIn" Val="synthesis"/>
        <Attr Name="UsedIn" Val="implementation"/>
        <Attr Name="UsedIn" Val="simulation"/>
      </FileInfo>
    </File>
    <File Path="$PSRCDIR/sources_1/imports/CODE/fractcam_w40/frac_tcam.v">
      <FileInfo>
        <Attr Name="ImportPath" Val="$PPRDIR/CODE/fractcam_w40/frac_tcam.v"/>
        <Attr Name="ImportTime" Val="1595345432"/>
        <Attr Name="UsedIn" Val="synthesis"/>
        <Attr Name="UsedIn" Val="implementation"/>
        <Attr Name="UsedIn" Val="simulation"/>
      </FileInfo>
    </File>
    <File Path="$PSRCDIR/sources_1/imports/CODE/fractcam_w40/register.v">
      <FileInfo>
        <Attr Name="ImportPath" Val="$PPRDIR/CODE/fractcam_w40/register.v"/>
        <Attr Name="ImportTime" Val="1558850726"/>
        <Attr Name="UsedIn" Val="synthesis"/>
        <Attr Name="UsedIn" Val="implementation"/>
        <Attr Name="UsedIn" Val="simulation"/>
      </FileInfo>
    </File>
    <File Path="$PSRCDIR/sources_1/imports/CODE/fractcam_w40/top.v">
      <FileInfo>
        <Attr Name="ImportPath" Val="$PPRDIR/CODE/fractcam_w40/top.v"/>
        <Attr Name="ImportTime" Val="1595394646"/>
        <Attr Name="UsedIn" Val="synthesis"/>
        <Attr Name="UsedIn" Val="implementation"/>
        <Attr Name="UsedIn" Val="simulation"/>
      </FileInfo>
    </File>
    <Config>
      <Option Name="DesignMode" Val="RTL"/>
      <Option Name="TopModule" Val="top"/>
      <Option Name="TopAutoSet" Val="TRUE"/>
    </Config>
  </FileSet>
  <FileSet Name="constrs_in" Type="Constrs" RelSrcDir="$PSRCDIR/constrs_1">
    <Filter Type="Constrs"/>
    <File Path="$PSRCDIR/constrs_1/imports/CODE/fanout.xdc">
      <FileInfo>
        <Attr Name="ImportPath" Val="$PPRDIR/CODE/fanout.xdc"/>
        <Attr Name="ImportTime" Val="1595783333"/>
        <Attr Name="UsedIn" Val="synthesis"/>
        <Attr Name="UsedIn" Val="implementation"/>
      </FileInfo>
    </File>
    <Config>
      <Option Name="ConstrsType" Val="XDC"/>
    </Config>
  </FileSet>
  <Strategy Version="1" Minor="2">
    <StratHandle Name="nodspblock" Flow="Vivado Synthesis 2016"/>
    <Step Id="synth_design">
      <Option Id="MaxDsp">0</Option>
    </Step>
  </Strategy>
</GenRun>
