<?xml version="1.0" encoding="UTF-8" ?>
<document>
<!--The data in this file is primarily intended for consumption by Xilinx tools.
The structure and the elements are likely to change over the next few releases.
This means code written to parse this file will need to be revisited each subsequent release.-->
<application name="pa" timeStamp="Sun Aug 02 17:09:08 2020">
<section name="Project Information" visible="false">
<property name="ProjectID" value="ee0d4ca3f70e4f5085214b6481fdb13a" type="ProjectID"/>
<property name="ProjectIteration" value="2" type="ProjectIteration"/>
</section>
<section name="PlanAhead Usage" visible="true">
<item name="Project Data">
<property name="SrcSetCount" value="1" type="SrcSetCount"/>
<property name="ConstraintSetCount" value="1" type="ConstraintSetCount"/>
<property name="DesignMode" value="RTL" type="DesignMode"/>
<property name="SynthesisStrategy" value="nodspblock" type="SynthesisStrategy"/>
<property name="ImplStrategy" value="area_optimized" type="ImplStrategy"/>
</item>
<item name="Java Command Handlers">
<property name="EditDelete" value="3" type="JavaHandler"/>
<property name="OpenExistingReport" value="1" type="JavaHandler"/>
<property name="RunImplementation" value="1" type="JavaHandler"/>
<property name="ViewTaskImplementation" value="1" type="JavaHandler"/>
</item>
<item name="Gui Resources Info">
<property name="BaseDialog_OK" value="4" type="GuiResourceData"/>
<property name="DesignTimingSumSectionPanel_WORST_NEGATIVE_SLACK" value="1" type="GuiResourceData"/>
<property name="FileSetPanel_FILE_SET_PANEL_TREE" value="12" type="GuiResourceData"/>
<property name="FlowNavigatorTreePanel_FLOW_NAVIGATOR_TREE" value="1" type="GuiResourceData"/>
<property name="MainMenuMgr_FILE" value="2" type="GuiResourceData"/>
<property name="MainMenuMgr_OPEN_RECENT_PROJECT" value="3" type="GuiResourceData"/>
<property name="PAViews_CODE" value="1" type="GuiResourceData"/>
<property name="PowerInstTreeTablePanel_POWER_INST_TREE_TABLE" value="3" type="GuiResourceData"/>
<property name="PowerResultTab_REPORT_NAVIGATION_TREE" value="1" type="GuiResourceData"/>
<property name="ProjectSummaryPowerPanel_OPEN_POWER_REPORT" value="1" type="GuiResourceData"/>
<property name="RDICommands_DELETE" value="3" type="GuiResourceData"/>
<property name="RemoveSourcesDialog_ALSO_DELETE" value="1" type="GuiResourceData"/>
</item>
<item name="Other">
<property name="GuiMode" value="241" type="GuiMode"/>
<property name="BatchMode" value="0" type="BatchMode"/>
<property name="TclMode" value="115" type="TclMode"/>
</item>
</section>
</application>
</document>
